{
  "cv": [
    {
      "model": "gbr",
      "cv_rmse_mean": 0.4551943650435783,
      "cv_rmse_std": 0.012239641475364504
    },
    {
      "model": "linear",
      "cv_rmse_mean": 0.6729790231463909,
      "cv_rmse_std": 0.02045153745687063
    },
    {
      "model": "baseline",
      "cv_rmse_mean": 1.1552366495025659,
      "cv_rmse_std": 0.0076207384358464424
    }
  ],
  "best_model": "gbr",
  "test_metrics": {
    "rmse": 0.46180848238979433,
    "mae": 0.30436681650277037,
    "r2": 0.8383947858674008,
    "n": 4128
  },
  "capped_analysis": {
    "fraction_of_rows": 0.04433139534883721,
    "mae_capped": 0.580696625319806,
    "mae_uncapped": 0.2915484755614478,
    "mean_residual_capped": -0.5112818909661084,
    "share_of_total_abs_error": 0.08457916658123471
  },
  "mae_by_price_decile": {
    "0": 0.195,
    "1": 0.193,
    "2": 0.215,
    "3": 0.244,
    "4": 0.225,
    "5": 0.267,
    "6": 0.303,
    "7": 0.343,
    "8": 0.458,
    "9": 0.602
  }
}